0,0
12,0
24,523.943662
36,534.5070423
48,450
60,361.2676056
72,319.0140845
84,420.4225352
96,547.1830986
108,469.0140845
120,462.6760563
132,418.3098592
144,439.4366197
156,426.7605634
168,485.915493
180,316.9014085
192,245.0704225
204,283.0985915
216,276.7605634
228,293.6619718
240,433.0985915
252,479.5774648
264,439.4366197
276,331.6901408
288,321.1267606
300,363.3802817
312,462.6760563
324,338.028169
336,357.0422535
348,287.3239437
360,331.6901408
372,411.971831
384,439.4366197
396,312.6760563
408,338.028169
420,460.5633803
432,631.6901408
444,549.2957746
456,604.2253521
468,547.1830986
480,663.3802817
492,564.084507
504,726.7605634
516,600
528,602.1126761
540,471.1267606
552,420.4225352
564,420.4225352
576,464.7887324
588,469.0140845
600,483.8028169
612,498.5915493
624,464.7887324
636,367.6056338
648,407.7464789
660,452.1126761
672,559.8591549
684,526.056338
696,614.7887324
708,475.3521127
720,420.4225352
732,297.8873239
744,308.4507042
756,280.9859155
768,293.6619718
780,338.028169
792,371.8309859
804,238.7323944
816,335.915493
828,359.1549296
840,504.9295775
852,430.9859155
864,515.4929577
876,477.4647887
888,621.1267606
900,496.4788732
912,589.4366197
924,475.3521127
936,352.8169014
948,367.6056338
960,359.1549296
972,251.4084507
984,392.9577465
996,483.8028169
1008,564.084507
1020,481.6901408
1032,614.7887324
1044,483.8028169
1056,481.6901408
1068,407.7464789
1080,542.9577465
1092,388.7323944
1104,289.4366197
1116,236.6197183
1128,255.6338028
1140,354.9295775
1152,464.7887324
1164,382.3943662
1176,511.2676056
1188,392.9577465
1200,545.0704225
1212,452.1126761
1224,365.4929577
1236,443.6619718
1248,532.3943662
1260,380.2816901
1272,314.7887324
1284,249.2957746
1296,287.3239437
1308,274.6478873
1320,388.7323944
1332,300
1344,454.2253521
1356,466.9014085
1368,616.9014085
1380,473.2394366
1392,600
1404,532.3943662
1416,614.7887324
1428,390.8450704
1440,382.3943662
1452,454.2253521
1464,526.056338
1476,418.3098592
1488,540.8450704
1500,430.9859155
1512,616.9014085
1524,439.4366197
1536,595.7746479
1548,462.6760563
1560,498.5915493
1572,502.8169014
1584,557.7464789
1596,439.4366197
1608,587.3239437
1620,357.0422535
1632,321.1267606
1644,310.5633803
1656,496.4788732
1668,382.3943662
1680,304.2253521
1692,173.2394366
1704,312.6760563
1716,234.5070423
1728,414.084507
1740,405.6338028
1752,443.6619718
1764,335.915493
1776,433.0985915
1788,304.2253521
1800,338.028169
1812,335.915493
1824,509.1549296
1836,335.915493
1848,443.6619718
1860,251.4084507
1872,310.5633803
1884,192.2535211
1896,395.0704225
1908,428.8732394
1920,452.1126761
1932,407.7464789
1944,502.8169014
1956,405.6338028
1968,521.8309859
1980,405.6338028
1992,536.6197183
2004,399.2957746
2016,545.0704225
2028,255.6338028
2040,559.8591549
2052,340.1408451
2064,570.4225352
2076,340.1408451
2088,540.8450704
2100,310.5633803
2112,485.915493
2124,384.5070423
2136,545.0704225
2148,502.8169014
2160,583.0985915
2172,422.5352113
2184,532.3943662
2196,409.8591549
2208,602.1126761
2220,430.9859155
2232,452.1126761
2244,291.5492958
2256,357.0422535
2268,312.6760563
2280,496.4788732
2292,207.0422535
2304,306.3380282
2316,14.78873239
2328,160.5633803
2340,152.1126761
2352,340.1408451
2364,84.50704225
2376,188.028169
2388,42.25352113
2400,215.4929577
2412,6.338028169
2424,257.7464789
2436,27.46478873
2448,204.9295775
2460,-257.7821012
2472,185.915493
2484,-277.2373541
2496,228.1690141
2508,376.056338
2520,492.2535211
2532,325.3521127
2544,460.5633803
2556,160.5633803
2568,352.8169014
2580,76.05633803
2592,280.9859155
2604,242.9577465
2616,403.5211268
2628,264.084507
2640,342.2535211
2652,135.2112676
2664,325.3521127
2676,103.5211268
2688,268.3098592
2700,101.4084507
2712,255.6338028
2724,0
2736,280.9859155
2748,-97.27626459
2760,270.4225352
2772,19.01408451
2784,325.3521127
2796,223.943662
2808,380.2816901
2820,40.14084507
2832,312.6760563
2844,92.95774648
2856,329.5774648
2868,409.8591549
2880,369.7183099
2892,238.7323944
2904,382.3943662
2916,297.8873239
2928,340.1408451
2940,209.1549296
2952,342.2535211
2964,158.4507042
2976,280.9859155
2988,169.0140845
3000,230.2816901
3012,164.7887324
3024,323.2394366
3036,245.0704225
3048,361.2676056
3060,152.1126761
3072,280.9859155
3084,-102.1400778
3096,164.7887324
3108,-306.4202335
3120,111.971831
3132,-272.3735409
3144,105.6338028
3156,188.028169
3168,426.7605634
3180,321.1267606
3192,456.3380282
3204,198.5915493
3216,367.6056338
3228,319.0140845
3240,456.3380282
3252,270.4225352
3264,395.0704225
3276,95.07042254
3288,300
3300,111.971831
3312,304.2253521
3324,40.14084507
3336,192.2535211
3348,-214.0077821
3360,124.6478873
3372,-359.922179
3384,8.450704225
3396,-564.2023346
3408,-43.77431907
3420,-617.7042802
3432,-116.7315175
3444,-87.54863813
3456,185.915493
3468,52.81690141
3480,188.028169
3492,-141.0505837
3504,105.6338028
3516,-442.6070039
3528,61.26760563
3540,-559.3385214
3552,12.67605634
3564,-282.1011673
3576,141.5492958
3588,-34.04669261
3600,116.1971831
3612,-102.1400778
3624,143.6619718
3636,-321.0116732
3648,40.14084507
3660,-257.7821012
3672,90.84507042
3684,-413.4241245
3696,78.16901408
3708,-393.9688716
3720,59.15492958
3732,40.14084507
3744,219.7183099
3756,130.9859155
3768,270.4225352
3780,150
3792,323.2394366
3804,278.8732394
3816,291.5492958
3828,90.84507042
3840,264.084507
3852,156.3380282
3864,272.5352113
3876,48.5915493
3888,147.8873239
3900,185.915493
3912,194.3661972
3924,31.69014085
3936,73.94366197
3948,-102.1400778
3960,42.25352113
3972,-296.692607
3984,50.70422535
3996,-252.9182879
4008,76.05633803
4020,-199.4163424
4032,35.91549296
4044,-301.5564202
4056,78.16901408
4068,-9.727626459
4080,128.8732394
4092,-4.86381323
4104,122.5352113
4116,10.56338028
4128,122.5352113
4140,-165.3696498
4152,73.94366197
4164,-184.8249027
4176,143.6619718
4188,-252.9182879
4200,25.35211268
4212,-666.3424125
4224,-262.6459144
4236,-885.2140078
4248,-403.6964981
4260,-909.5330739
4272,-457.1984436
4284,-622.5680934
4296,27.46478873
4308,-77.82101167
4320,126.7605634
4332,33.8028169
4344,166.9014085
4356,19.01408451
4368,139.4366197
4380,40.14084507
4392,57.04225352
4404,-68.09338521
4416,145.7746479
4428,-34.04669261
4440,128.8732394
4452,8.450704225
4464,54.92957746
4476,-97.27626459
4488,-29.18287938
4500,-63.22957198
4512,147.8873239
4524,-19.45525292
4536,135.2112676
4548,21.12676056
4560,116.1971831
4572,-24.31906615
4584,50.70422535
4596,-14.59143969
4608,128.8732394
4620,29.57746479
4632,198.5915493
4644,-58.36575875
4656,122.5352113
4668,-335.6031128
4680,42.25352113
4692,-432.8793774
4704,19.01408451
4716,-155.6420233
4728,88.73239437
4740,-19.45525292
4752,46.47887324
4764,-204.2801556
4776,-223.7354086
4788,-612.8404669
4800,-24.31906615
4812,-408.5603113
4824,6.338028169
4836,12.67605634
4848,126.7605634
4860,-209.1439689
4872,101.4084507
4884,-209.1439689
4896,21.12676056
4908,-442.6070039
4920,44.36619718
4932,-471.7898833
4944,-38.91050584
4956,-403.6964981
4968,-97.27626459
4980,-48.6381323
4992,122.5352113
5004,-175.0972763
5016,48.5915493
5028,-68.09338521
5040,84.50704225
5052,-63.22957198
5064,156.3380282
5076,-286.9649805
5088,21.12676056
5100,-724.7081712
5112,-432.8793774
5124,-1167.315175
5136,-199.4163424
5148,-520.4280156
5160,48.5915493
5172,-340.4669261
5184,38.02816901
5196,-282.1011673
5208,101.4084507
5220,-301.5564202
5232,-34.04669261
5244,-569.0661479
5256,-189.688716
5268,-685.7976654
5280,-277.2373541
5292,-1147.859922
5304,-437.7431907
5316,-1026.264591
5328,-282.1011673
5340,-841.4396887
5352,-481.5175097
5364,-1133.268482
5376,-617.7042802
5388,-1250
5400,-661.4785992
5412,-1138.132296
5424,-466.92607
5436,-646.8871595
5448,-136.1867704
5460,-136.1867704
5472,-4.86381323
5484,-131.3229572
5496,-107.0038911
5508,-306.4202335
5520,10.56338028
5532,-272.3735409
5544,-53.50194553
5556,-364.7859922
5568,8.450704225
5580,-145.9143969
5592,-107.0038911
5604,-423.151751
5616,-165.3696498
5628,-277.2373541
5640,-14.59143969
5652,-233.463035
5664,31.69014085
5676,-184.8249027
5688,90.84507042
5700,-165.3696498
5712,71.83098592
5724,-111.8677043
5736,33.8028169
5748,-107.0038911
5760,103.5211268
5772,59.15492958
5784,152.1126761
5796,57.04225352
5808,219.7183099
5820,166.9014085
5832,183.8028169
5844,118.3098592
5856,289.4366197
5868,150
5880,251.4084507
5892,-34.04669261
5904,179.5774648
5916,-14.59143969
5928,23.23943662
5940,-136.1867704
5952,126.7605634
5964,19.01408451
5976,198.5915493
5988,95.07042254
6000,228.1690141
6012,23.23943662
6024,211.2676056
6036,10.56338028
6048,27.46478873
6060,-389.1050584
6072,12.67605634
6084,-141.0505837
6096,171.1267606
6108,29.57746479
6120,230.2816901
6132,31.69014085
6144,128.8732394
6156,-116.7315175
6168,109.8591549
6180,-340.4669261
6192,130.9859155
6204,-535.0194553
6216,0
6228,-705.2529183
6240,-301.5564202
6252,-393.9688716
6264,99.29577465
6276,-63.22957198
6288,181.6901408
6300,-77.82101167
6312,101.4084507
6324,-321.0116732
6336,86.61971831
6348,-350.1945525
6360,80.28169014
6372,-136.1867704
6384,103.5211268
6396,-374.5136187
6408,48.5915493
6420,99.29577465
6432,291.5492958
6444,190.1408451
6456,382.3943662
6468,230.2816901
6480,346.4788732
6492,272.5352113
6504,283.0985915
6516,221.8309859
6528,293.6619718
6540,133.0985915
6552,126.7605634
6564,76.05633803
6576,217.6056338
6588,80.28169014
6600,215.4929577
6612,166.9014085
6624,272.5352113
6636,213.3802817
6648,179.5774648
6660,177.4647887
6672,306.3380282
6684,325.3521127
6696,340.1408451
6708,139.4366197
6720,240.8450704
6732,152.1126761
6744,306.3380282
6756,166.9014085
6768,145.7746479
6780,124.6478873
6792,371.8309859
6804,272.5352113
6816,458.4507042
6828,270.4225352
6840,378.1690141
6852,240.8450704
6864,407.7464789
6876,268.3098592
6888,386.6197183
6900,323.2394366
6912,338.028169
6924,240.8450704
6936,365.4929577
6948,285.2112676
6960,390.8450704
6972,259.8591549
6984,302.1126761
6996,274.6478873
7008,338.028169
7020,272.5352113
7032,310.5633803
7044,158.4507042
7056,164.7887324
7068,48.5915493
7080,126.7605634
7092,133.0985915
7104,200.7042254
7116,141.5492958
7128,247.1830986
7140,196.4788732
7152,300
7164,143.6619718
7176,304.2253521
7188,289.4366197
7200,403.5211268
7212,283.0985915
7224,416.1971831
7236,266.1971831
7248,359.1549296
7260,289.4366197
7272,357.0422535
7284,207.0422535
7296,120.4225352
7308,103.5211268
7320,154.2253521
7332,192.2535211
7344,223.943662
7356,78.16901408
7368,40.14084507
7380,185.915493
7392,399.2957746
7404,386.6197183
7416,574.6478873
7428,401.4084507
7440,578.8732394
7452,454.2253521
7464,553.5211268
7476,376.056338
7488,424.6478873
7500,291.5492958
7512,321.1267606
7524,192.2535211
7536,221.8309859
7548,126.7605634
7560,259.8591549
7572,219.7183099
7584,308.4507042
7596,217.6056338
7608,274.6478873
7620,268.3098592
7632,272.5352113
7644,278.8732394
7656,249.2957746
7668,166.9014085
7680,204.9295775
7692,333.8028169
7704,369.7183099
7716,295.7746479
7728,228.1690141
7740,173.2394366
7752,230.2816901
7764,213.3802817
7776,382.3943662
7788,424.6478873
7800,589.4366197
7812,433.0985915
7824,308.4507042
7836,268.3098592
7848,354.9295775
7860,378.1690141
7872,542.9577465
7884,462.6760563
7896,352.8169014
7908,300
7920,321.1267606
7932,274.6478873
7944,411.971831
7956,447.8873239
7968,610.5633803
7980,551.4084507
7992,426.7605634
8004,354.9295775
8016,378.1690141
8028,433.0985915
8040,496.4788732
8052,428.8732394
8064,426.7605634
8076,458.4507042
8088,576.7605634
8100,511.2676056
8112,526.056338
8124,526.056338
8136,570.4225352
8148,553.5211268
8160,566.1971831
8172,466.9014085
8184,580.9859155
8196,589.4366197
8208,688.7323944
8220,648.5915493
8232,661.2676056
8244,640.1408451
8256,566.1971831
8268,509.1549296
8280,500.7042254
8292,462.6760563
8304,397.1830986
8316,359.1549296
8328,411.971831
8340,437.3239437
8352,568.3098592
8364,376.056338
8376,302.1126761
8388,310.5633803
8400,401.4084507
8412,333.8028169
8424,373.943662
8436,357.0422535
8448,424.6478873
8460,357.0422535
8472,293.6619718
8484,266.1971831
8496,289.4366197
8508,327.4647887
8520,441.5492958
8532,409.8591549
8544,418.3098592
8556,251.4084507
8568,242.9577465
8580,293.6619718
8592,289.4366197
8604,283.0985915
8616,466.9014085
8628,566.1971831
8640,638.028169
8652,633.8028169
8664,621.1267606
8676,411.971831
8688,384.5070423
8700,540.8450704
8712,676.056338
8724,667.6056338
8736,657.0422535
8748,631.6901408
8760,667.6056338
8772,648.5915493
8784,523.943662
8796,534.5070423
8808,450
8820,361.2676056
8832,319.0140845
8844,420.4225352
8856,547.1830986
8868,469.0140845
8880,462.6760563
8892,418.3098592
8904,439.4366197
8916,426.7605634
8928,485.915493
8940,316.9014085
8952,245.0704225
8964,283.0985915
8976,276.7605634
8988,293.6619718
9000,433.0985915
9012,479.5774648
9024,439.4366197
9036,331.6901408
9048,321.1267606
9060,363.3802817
9072,462.6760563
9084,338.028169
9096,357.0422535
9108,287.3239437
9120,331.6901408
9132,411.971831
9144,439.4366197
9156,312.6760563
9168,338.028169
9180,460.5633803
9192,631.6901408
9204,549.2957746
9216,604.2253521
9228,547.1830986
9240,663.3802817
9252,564.084507
9264,726.7605634
9276,600
9288,602.1126761
9300,471.1267606
9312,420.4225352
9324,420.4225352
9336,464.7887324
9348,469.0140845
9360,483.8028169
9372,498.5915493
9384,464.7887324
9396,367.6056338
9408,407.7464789
9420,452.1126761
9432,559.8591549
9444,526.056338
9456,614.7887324
9468,475.3521127
9480,420.4225352
9492,297.8873239
9504,308.4507042
9516,280.9859155
9528,293.6619718
9540,338.028169
9552,371.8309859
9564,238.7323944
9576,335.915493
9588,359.1549296
9600,504.9295775
9612,430.9859155
9624,515.4929577
9636,477.4647887
9648,621.1267606
9660,496.4788732
9672,589.4366197
9684,475.3521127
9696,352.8169014
9708,367.6056338
9720,359.1549296
9732,251.4084507
9744,392.9577465
9756,483.8028169
9768,564.084507
9780,481.6901408
9792,614.7887324
9804,483.8028169
9816,481.6901408
9828,407.7464789
9840,542.9577465
9852,388.7323944
9864,289.4366197
9876,236.6197183
9888,255.6338028
9900,354.9295775
9912,464.7887324
9924,382.3943662
9936,511.2676056
9948,392.9577465
9960,545.0704225
9972,452.1126761
9984,365.4929577
9996,443.6619718
10008,532.3943662
10020,380.2816901
10032,314.7887324
10044,249.2957746
10056,287.3239437
10068,274.6478873
10080,388.7323944
10092,300
10104,454.2253521
10116,466.9014085
10128,616.9014085
10140,473.2394366
10152,600
10164,532.3943662
10176,614.7887324
10188,390.8450704
10200,382.3943662
10212,454.2253521
10224,526.056338
10236,418.3098592
10248,540.8450704
10260,430.9859155
10272,616.9014085
10284,439.4366197
10296,595.7746479
10308,462.6760563
10320,498.5915493
10332,502.8169014
10344,557.7464789
10356,439.4366197
10368,587.3239437
10380,357.0422535
10392,321.1267606
10404,310.5633803
10416,496.4788732
10428,382.3943662
10440,304.2253521
10452,173.2394366
10464,312.6760563
10476,234.5070423
10488,414.084507
10500,405.6338028
10512,443.6619718
10524,335.915493
10536,433.0985915
10548,304.2253521
10560,338.028169
10572,335.915493
10584,509.1549296
10596,335.915493
10608,443.6619718
10620,251.4084507
10632,310.5633803
10644,192.2535211
10656,395.0704225
10668,428.8732394
10680,452.1126761
10692,407.7464789
10704,502.8169014
10716,405.6338028
10728,521.8309859
10740,405.6338028
10752,536.6197183
10764,399.2957746
10776,545.0704225
10788,255.6338028
10800,559.8591549
10812,340.1408451
10824,570.4225352
10836,340.1408451
10848,540.8450704
10860,310.5633803
10872,485.915493
10884,384.5070423
10896,545.0704225
10908,502.8169014
10920,583.0985915
10932,422.5352113
10944,532.3943662
10956,409.8591549
10968,602.1126761
10980,430.9859155
10992,452.1126761
11004,291.5492958
11016,357.0422535
11028,312.6760563
11040,496.4788732
11052,207.0422535
11064,306.3380282
11076,14.78873239
11088,160.5633803
11100,152.1126761
11112,340.1408451
11124,84.50704225
11136,188.028169
11148,42.25352113
11160,215.4929577
11172,6.338028169
11184,257.7464789
11196,27.46478873
11208,204.9295775
11220,-257.7821012
11232,185.915493
11244,-277.2373541
11256,228.1690141
11268,376.056338
11280,492.2535211
11292,325.3521127
11304,460.5633803
11316,160.5633803
11328,352.8169014
11340,76.05633803
11352,280.9859155
11364,242.9577465
11376,403.5211268
11388,264.084507
11400,342.2535211
11412,135.2112676
11424,325.3521127
11436,103.5211268
11448,268.3098592
11460,101.4084507
11472,255.6338028
11484,0
11496,280.9859155
11508,-97.27626459
11520,270.4225352
11532,19.01408451
11544,325.3521127
11556,223.943662
11568,380.2816901
11580,40.14084507
11592,312.6760563
11604,92.95774648
11616,329.5774648
11628,409.8591549
11640,369.7183099
11652,238.7323944
11664,382.3943662
11676,297.8873239
11688,340.1408451
11700,209.1549296
11712,342.2535211
11724,158.4507042
11736,280.9859155
11748,169.0140845
11760,230.2816901
11772,164.7887324
11784,323.2394366
11796,245.0704225
11808,361.2676056
11820,152.1126761
11832,280.9859155
11844,-102.1400778
11856,164.7887324
11868,-306.4202335
11880,111.971831
11892,-272.3735409
11904,105.6338028
11916,188.028169
11928,426.7605634
11940,321.1267606
11952,456.3380282
11964,198.5915493
11976,367.6056338
11988,319.0140845
12000,456.3380282
12012,270.4225352
12024,395.0704225
12036,95.07042254
12048,300
12060,111.971831
12072,304.2253521
12084,40.14084507
12096,192.2535211
12108,-214.0077821
12120,124.6478873
12132,-359.922179
12144,8.450704225
12156,-564.2023346
12168,-43.77431907
12180,-617.7042802
12192,-116.7315175
12204,-87.54863813
12216,185.915493
12228,52.81690141
12240,188.028169
12252,-141.0505837
12264,105.6338028
12276,-442.6070039
12288,61.26760563
12300,-559.3385214
12312,12.67605634
12324,-282.1011673
12336,141.5492958
12348,-34.04669261
12360,116.1971831
12372,-102.1400778
12384,143.6619718
12396,-321.0116732
12408,40.14084507
12420,-257.7821012
12432,90.84507042
12444,-413.4241245
12456,78.16901408
12468,-393.9688716
12480,59.15492958
12492,40.14084507
12504,219.7183099
12516,130.9859155
12528,270.4225352
12540,150
12552,323.2394366
12564,278.8732394
12576,291.5492958
12588,90.84507042
12600,264.084507
12612,156.3380282
12624,272.5352113
12636,48.5915493
12648,147.8873239
12660,185.915493
12672,194.3661972
12684,31.69014085
12696,73.94366197
12708,-102.1400778
12720,42.25352113
12732,-296.692607
12744,50.70422535
12756,-252.9182879
12768,76.05633803
12780,-199.4163424
12792,35.91549296
12804,-301.5564202
12816,78.16901408
12828,-9.727626459
12840,128.8732394
12852,-4.86381323
12864,122.5352113
12876,10.56338028
12888,122.5352113
12900,-165.3696498
12912,73.94366197
12924,-184.8249027
12936,143.6619718
12948,-252.9182879
12960,25.35211268
12972,-666.3424125
12984,-262.6459144
12996,-885.2140078
13008,-403.6964981
13020,-909.5330739
13032,-457.1984436
13044,-622.5680934
13056,27.46478873
13068,-77.82101167
13080,126.7605634
13092,33.8028169
13104,166.9014085
13116,19.01408451
13128,139.4366197
13140,40.14084507
13152,57.04225352
13164,-68.09338521
13176,145.7746479
13188,-34.04669261
13200,128.8732394
13212,8.450704225
13224,54.92957746
13236,-97.27626459
13248,-29.18287938
13260,-63.22957198
13272,147.8873239
13284,-19.45525292
13296,135.2112676
13308,21.12676056
13320,116.1971831
13332,-24.31906615
13344,50.70422535
13356,-14.59143969
13368,128.8732394
13380,29.57746479
13392,198.5915493
13404,-58.36575875
13416,122.5352113
13428,-335.6031128
13440,42.25352113
13452,-432.8793774
13464,19.01408451
13476,-155.6420233
13488,88.73239437
13500,-19.45525292
13512,46.47887324
13524,-204.2801556
13536,-223.7354086
13548,-612.8404669
13560,-24.31906615
13572,-408.5603113
13584,6.338028169
13596,12.67605634
13608,126.7605634
13620,-209.1439689
13632,101.4084507
13644,-209.1439689
13656,21.12676056
13668,-442.6070039
13680,44.36619718
13692,-471.7898833
13704,-38.91050584
13716,-403.6964981
13728,-97.27626459
13740,-48.6381323
13752,122.5352113
13764,-175.0972763
13776,48.5915493
13788,-68.09338521
13800,84.50704225
13812,-63.22957198
13824,156.3380282
13836,-286.9649805
13848,21.12676056
13860,-724.7081712
13872,-432.8793774
13884,-1167.315175
13896,-199.4163424
13908,-520.4280156
13920,48.5915493
13932,-340.4669261
13944,38.02816901
13956,-282.1011673
13968,101.4084507
13980,-301.5564202
13992,-34.04669261
14004,-569.0661479
14016,-189.688716
14028,-685.7976654
14040,-277.2373541
14052,-1147.859922
14064,-437.7431907
14076,-1026.264591
14088,-282.1011673
14100,-841.4396887
14112,-481.5175097
14124,-1133.268482
14136,-617.7042802
14148,-1250
14160,-661.4785992
14172,-1138.132296
14184,-466.92607
14196,-646.8871595
14208,-136.1867704
14220,-136.1867704
14232,-4.86381323
14244,-131.3229572
14256,-107.0038911
14268,-306.4202335
14280,10.56338028
14292,-272.3735409
14304,-53.50194553
14316,-364.7859922
14328,8.450704225
14340,-145.9143969
14352,-107.0038911
14364,-423.151751
14376,-165.3696498
14388,-277.2373541
14400,-14.59143969
14412,-233.463035
14424,31.69014085
14436,-184.8249027
14448,90.84507042
14460,-165.3696498
14472,71.83098592
14484,-111.8677043
14496,33.8028169
14508,-107.0038911
14520,103.5211268
14532,59.15492958
14544,152.1126761
14556,57.04225352
14568,219.7183099
14580,166.9014085
14592,183.8028169
14604,118.3098592
14616,289.4366197
14628,150
14640,251.4084507
14652,-34.04669261
14664,179.5774648
14676,-14.59143969
14688,23.23943662
14700,-136.1867704
14712,126.7605634
14724,19.01408451
14736,198.5915493
14748,95.07042254
14760,228.1690141
14772,23.23943662
14784,211.2676056
14796,10.56338028
14808,27.46478873
14820,-389.1050584
14832,12.67605634
14844,-141.0505837
14856,171.1267606
14868,29.57746479
14880,230.2816901
14892,31.69014085
14904,128.8732394
14916,-116.7315175
14928,109.8591549
14940,-340.4669261
14952,130.9859155
14964,-535.0194553
14976,0
14988,-705.2529183
15000,-301.5564202
15012,-393.9688716
15024,99.29577465
15036,-63.22957198
15048,181.6901408
15060,-77.82101167
15072,101.4084507
15084,-321.0116732
15096,86.61971831
15108,-350.1945525
15120,80.28169014
15132,-136.1867704
15144,103.5211268
15156,-374.5136187
15168,48.5915493
15180,99.29577465
15192,291.5492958
15204,190.1408451
15216,382.3943662
15228,230.2816901
15240,346.4788732
15252,272.5352113
15264,283.0985915
15276,221.8309859
15288,293.6619718
15300,133.0985915
15312,126.7605634
15324,76.05633803
15336,217.6056338
15348,80.28169014
15360,215.4929577
15372,166.9014085
15384,272.5352113
15396,213.3802817
15408,179.5774648
15420,177.4647887
15432,306.3380282
15444,325.3521127
15456,340.1408451
15468,139.4366197
15480,240.8450704
15492,152.1126761
15504,306.3380282
15516,166.9014085
15528,145.7746479
15540,124.6478873
15552,371.8309859
15564,272.5352113
15576,458.4507042
15588,270.4225352
15600,378.1690141
15612,240.8450704
15624,407.7464789
15636,268.3098592
15648,386.6197183
15660,323.2394366
15672,338.028169
15684,240.8450704
15696,365.4929577
15708,285.2112676
15720,390.8450704
15732,259.8591549
15744,302.1126761
15756,274.6478873
15768,338.028169
15780,272.5352113
15792,310.5633803
15804,158.4507042
15816,164.7887324
15828,48.5915493
15840,126.7605634
15852,133.0985915
15864,200.7042254
15876,141.5492958
15888,247.1830986
15900,196.4788732
15912,300
15924,143.6619718
15936,304.2253521
15948,289.4366197
15960,403.5211268
15972,283.0985915
15984,416.1971831
15996,266.1971831
16008,359.1549296
16020,289.4366197
16032,357.0422535
16044,207.0422535
16056,120.4225352
16068,103.5211268
16080,154.2253521
16092,192.2535211
16104,223.943662
16116,78.16901408
16128,40.14084507
16140,185.915493
16152,399.2957746
16164,386.6197183
16176,574.6478873
16188,401.4084507
16200,578.8732394
16212,454.2253521
16224,553.5211268
16236,376.056338
16248,424.6478873
16260,291.5492958
16272,321.1267606
16284,192.2535211
16296,221.8309859
16308,126.7605634
16320,259.8591549
16332,219.7183099
16344,308.4507042
16356,217.6056338
16368,274.6478873
16380,268.3098592
16392,272.5352113
16404,278.8732394
16416,249.2957746
16428,166.9014085
16440,204.9295775
16452,333.8028169
16464,369.7183099
16476,295.7746479
16488,228.1690141
16500,173.2394366
16512,230.2816901
16524,213.3802817
16536,382.3943662
16548,424.6478873
16560,589.4366197
16572,433.0985915
16584,308.4507042
16596,268.3098592
16608,354.9295775
16620,378.1690141
16632,542.9577465
16644,462.6760563
16656,352.8169014
16668,300
16680,321.1267606
16692,274.6478873
16704,411.971831
16716,447.8873239
16728,610.5633803
16740,551.4084507
16752,426.7605634
16764,354.9295775
16776,378.1690141
16788,433.0985915
16800,496.4788732
16812,428.8732394
16824,426.7605634
16836,458.4507042
16848,576.7605634
16860,511.2676056
16872,526.056338
16884,526.056338
16896,570.4225352
16908,553.5211268
16920,566.1971831
16932,466.9014085
16944,580.9859155
16956,589.4366197
16968,688.7323944
16980,648.5915493
16992,661.2676056
17004,640.1408451
17016,566.1971831
17028,509.1549296
17040,500.7042254
17052,462.6760563
17064,397.1830986
17076,359.1549296
17088,411.971831
17100,437.3239437
17112,568.3098592
17124,376.056338
17136,302.1126761
17148,310.5633803
17160,401.4084507
17172,333.8028169
17184,373.943662
17196,357.0422535
17208,424.6478873
17220,357.0422535
17232,293.6619718
17244,266.1971831
17256,289.4366197
17268,327.4647887
17280,441.5492958
17292,409.8591549
17304,418.3098592
17316,251.4084507
17328,242.9577465
17340,293.6619718
17352,289.4366197
17364,283.0985915
17376,466.9014085
17388,566.1971831
17400,638.028169
17412,633.8028169
17424,621.1267606
17436,411.971831
17448,384.5070423
17460,540.8450704
17472,676.056338
17484,667.6056338
17496,657.0422535
17508,631.6901408
17520,667.6056338
17532,648.5915493
17544,523.943662
17556,534.5070423
17568,450
17580,361.2676056
17592,319.0140845
17604,420.4225352
17616,547.1830986
17628,469.0140845
17640,462.6760563
17652,418.3098592
17664,439.4366197
17676,426.7605634
17688,485.915493
17700,316.9014085
17712,245.0704225
17724,283.0985915
17736,276.7605634
17748,293.6619718
17760,433.0985915
17772,479.5774648
17784,439.4366197
17796,331.6901408
17808,321.1267606
17820,363.3802817
17832,462.6760563
17844,338.028169
17856,357.0422535
17868,287.3239437
17880,331.6901408
17892,411.971831
17904,439.4366197
17916,312.6760563
17928,338.028169
17940,460.5633803
17952,631.6901408
17964,549.2957746
17976,604.2253521
17988,547.1830986
18000,663.3802817
18012,564.084507
18024,726.7605634
18036,600
18048,602.1126761
18060,471.1267606
18072,420.4225352
18084,420.4225352
18096,464.7887324
18108,469.0140845
18120,483.8028169
18132,498.5915493
18144,464.7887324
18156,367.6056338
18168,407.7464789
18180,452.1126761
18192,559.8591549
18204,526.056338
18216,614.7887324
18228,475.3521127
18240,420.4225352
18252,297.8873239
18264,308.4507042
18276,280.9859155
18288,293.6619718
18300,338.028169
18312,371.8309859
18324,238.7323944
18336,335.915493
18348,359.1549296
18360,504.9295775
18372,430.9859155
18384,515.4929577
18396,477.4647887
18408,621.1267606
18420,496.4788732
18432,589.4366197
18444,475.3521127
18456,352.8169014
18468,367.6056338
18480,359.1549296
18492,251.4084507
18504,392.9577465
18516,483.8028169
18528,564.084507
18540,481.6901408
18552,614.7887324
18564,483.8028169
18576,481.6901408
18588,407.7464789
18600,542.9577465
18612,388.7323944
18624,289.4366197
18636,236.6197183
18648,255.6338028
18660,354.9295775
18672,464.7887324
18684,382.3943662
18696,511.2676056
18708,392.9577465
18720,545.0704225
18732,452.1126761
18744,365.4929577
18756,443.6619718
18768,532.3943662
18780,380.2816901
18792,314.7887324
18804,249.2957746
18816,287.3239437
18828,274.6478873
18840,388.7323944
18852,300
18864,454.2253521
18876,466.9014085
18888,616.9014085
18900,473.2394366
18912,600
18924,532.3943662
18936,614.7887324
18948,390.8450704
18960,382.3943662
18972,454.2253521
18984,526.056338
18996,418.3098592
19008,540.8450704
19020,430.9859155
19032,616.9014085
19044,439.4366197
19056,595.7746479
19068,462.6760563
19080,498.5915493
19092,502.8169014
19104,557.7464789
19116,439.4366197
19128,587.3239437
19140,357.0422535
19152,321.1267606
19164,310.5633803
19176,496.4788732
19188,382.3943662
19200,304.2253521
19212,173.2394366
19224,312.6760563
19236,234.5070423
19248,414.084507
19260,405.6338028
19272,443.6619718
19284,335.915493
19296,433.0985915
19308,304.2253521
19320,338.028169
19332,335.915493
19344,509.1549296
19356,335.915493
19368,443.6619718
19380,251.4084507
19392,310.5633803
19404,192.2535211
19416,395.0704225
19428,428.8732394
19440,452.1126761
19452,407.7464789
19464,502.8169014
19476,405.6338028
19488,521.8309859
19500,405.6338028
19512,536.6197183
19524,399.2957746
19536,545.0704225
19548,255.6338028
19560,559.8591549
19572,340.1408451
19584,570.4225352
19596,340.1408451
19608,540.8450704
19620,310.5633803
19632,485.915493
19644,384.5070423
19656,545.0704225
19668,502.8169014
19680,583.0985915
19692,422.5352113
19704,532.3943662
19716,409.8591549
19728,602.1126761
19740,430.9859155
19752,452.1126761
19764,291.5492958
19776,357.0422535
19788,312.6760563
19800,496.4788732
19812,207.0422535
19824,306.3380282
19836,14.78873239
19848,160.5633803
19860,152.1126761
19872,340.1408451
19884,84.50704225
19896,188.028169
19908,42.25352113
19920,215.4929577
19932,6.338028169
19944,257.7464789
19956,27.46478873
19968,204.9295775
19980,-257.7821012
19992,185.915493
20004,-277.2373541
20016,228.1690141
20028,376.056338
20040,492.2535211
20052,325.3521127
20064,460.5633803
20076,160.5633803
20088,352.8169014
20100,76.05633803
20112,280.9859155
20124,242.9577465
20136,403.5211268
20148,264.084507
20160,342.2535211
20172,135.2112676
20184,325.3521127
20196,103.5211268
20208,268.3098592
20220,101.4084507
20232,255.6338028
20244,0
20256,280.9859155
20268,-97.27626459
20280,270.4225352
20292,19.01408451
20304,325.3521127
20316,223.943662
20328,380.2816901
20340,40.14084507
20352,312.6760563
20364,92.95774648
20376,329.5774648
20388,409.8591549
20400,369.7183099
20412,238.7323944
20424,382.3943662
20436,297.8873239
20448,340.1408451
20460,209.1549296
20472,342.2535211
20484,158.4507042
20496,280.9859155
20508,169.0140845
20520,230.2816901
20532,164.7887324
20544,323.2394366
20556,245.0704225
20568,361.2676056
20580,152.1126761
20592,280.9859155
20604,-102.1400778
20616,164.7887324
20628,-306.4202335
20640,111.971831
20652,-272.3735409
20664,105.6338028
20676,188.028169
20688,426.7605634
20700,321.1267606
20712,456.3380282
20724,198.5915493
20736,367.6056338
20748,319.0140845
20760,456.3380282
20772,270.4225352
20784,395.0704225
20796,95.07042254
20808,300
20820,111.971831
20832,304.2253521
20844,40.14084507
20856,192.2535211
20868,-214.0077821
20880,124.6478873
20892,-359.922179
20904,8.450704225
20916,-564.2023346
20928,-43.77431907
20940,-617.7042802
20952,-116.7315175
20964,-87.54863813
20976,185.915493
20988,52.81690141
21000,188.028169
21012,-141.0505837
21024,105.6338028
21036,-442.6070039
21048,61.26760563
21060,-559.3385214
21072,12.67605634
21084,-282.1011673
21096,141.5492958
21108,-34.04669261
21120,116.1971831
21132,-102.1400778
21144,143.6619718
21156,-321.0116732
21168,40.14084507
21180,-257.7821012
21192,90.84507042
21204,-413.4241245
21216,78.16901408
21228,-393.9688716
21240,59.15492958
21252,40.14084507
21264,219.7183099
21276,130.9859155
21288,270.4225352
21300,150
21312,323.2394366
21324,278.8732394
21336,291.5492958
21348,90.84507042
21360,264.084507
21372,156.3380282
21384,272.5352113
21396,48.5915493
21408,147.8873239
21420,185.915493
21432,194.3661972
21444,31.69014085
21456,73.94366197
21468,-102.1400778
21480,42.25352113
21492,-296.692607
21504,50.70422535
21516,-252.9182879
21528,76.05633803
21540,-199.4163424
21552,35.91549296
21564,-301.5564202
21576,78.16901408
21588,-9.727626459
21600,128.8732394
21612,-4.86381323
21624,122.5352113
21636,10.56338028
21648,122.5352113
21660,-165.3696498
21672,73.94366197
21684,-184.8249027
21696,143.6619718
21708,-252.9182879
21720,25.35211268
21732,-666.3424125
21744,-262.6459144
21756,-885.2140078
21768,-403.6964981
21780,-909.5330739
21792,-457.1984436
21804,-622.5680934
21816,27.46478873
21828,-77.82101167
21840,126.7605634
21852,33.8028169
21864,166.9014085
21876,19.01408451
21888,139.4366197
21900,40.14084507
21912,57.04225352
21924,-68.09338521
21936,145.7746479
21948,-34.04669261
21960,128.8732394
21972,8.450704225
21984,54.92957746
21996,-97.27626459
22008,-29.18287938
22020,-63.22957198
22032,147.8873239
22044,-19.45525292
22056,135.2112676
22068,21.12676056
22080,116.1971831
22092,-24.31906615
22104,50.70422535
22116,-14.59143969
22128,128.8732394
22140,29.57746479
22152,198.5915493
22164,-58.36575875
22176,122.5352113
22188,-335.6031128
22200,42.25352113
22212,-432.8793774
22224,19.01408451
22236,-155.6420233
22248,88.73239437
22260,-19.45525292
22272,46.47887324
22284,-204.2801556
22296,-223.7354086
22308,-612.8404669
22320,-24.31906615
22332,-408.5603113
22344,6.338028169
22356,12.67605634
22368,126.7605634
22380,-209.1439689
22392,101.4084507
22404,-209.1439689
22416,21.12676056
22428,-442.6070039
22440,44.36619718
22452,-471.7898833
22464,-38.91050584
22476,-403.6964981
22488,-97.27626459
22500,-48.6381323
22512,122.5352113
22524,-175.0972763
22536,48.5915493
22548,-68.09338521
22560,84.50704225
22572,-63.22957198
22584,156.3380282
22596,-286.9649805
22608,21.12676056
22620,-724.7081712
22632,-432.8793774
22644,-1167.315175
22656,-199.4163424
22668,-520.4280156
22680,48.5915493
22692,-340.4669261
22704,38.02816901
22716,-282.1011673
22728,101.4084507
22740,-301.5564202
22752,-34.04669261
22764,-569.0661479
22776,-189.688716
22788,-685.7976654
22800,-277.2373541
22812,-1147.859922
22824,-437.7431907
22836,-1026.264591
22848,-282.1011673
22860,-841.4396887
22872,-481.5175097
22884,-1133.268482
22896,-617.7042802
22908,-1250
22920,-661.4785992
22932,-1138.132296
22944,-466.92607
22956,-646.8871595
22968,-136.1867704
22980,-136.1867704
22992,-4.86381323
23004,-131.3229572
23016,-107.0038911
23028,-306.4202335
23040,10.56338028
23052,-272.3735409
23064,-53.50194553
23076,-364.7859922
23088,8.450704225
23100,-145.9143969
23112,-107.0038911
23124,-423.151751
23136,-165.3696498
23148,-277.2373541
23160,-14.59143969
23172,-233.463035
23184,31.69014085
23196,-184.8249027
23208,90.84507042
23220,-165.3696498
23232,71.83098592
23244,-111.8677043
23256,33.8028169
23268,-107.0038911
23280,103.5211268
23292,59.15492958
23304,152.1126761
23316,57.04225352
23328,219.7183099
23340,166.9014085
23352,183.8028169
23364,118.3098592
23376,289.4366197
23388,150
23400,251.4084507
23412,-34.04669261
23424,179.5774648
23436,-14.59143969
23448,23.23943662
23460,-136.1867704
23472,126.7605634
23484,19.01408451
23496,198.5915493
23508,95.07042254
23520,228.1690141
23532,23.23943662
23544,211.2676056
23556,10.56338028
23568,27.46478873
23580,-389.1050584
23592,12.67605634
23604,-141.0505837
23616,171.1267606
23628,29.57746479
23640,230.2816901
23652,31.69014085
23664,128.8732394
23676,-116.7315175
23688,109.8591549
23700,-340.4669261
23712,130.9859155
23724,-535.0194553
23736,0
23748,-705.2529183
23760,-301.5564202
23772,-393.9688716
23784,99.29577465
23796,-63.22957198
23808,181.6901408
23820,-77.82101167
23832,101.4084507
23844,-321.0116732
23856,86.61971831
23868,-350.1945525
23880,80.28169014
23892,-136.1867704
23904,103.5211268
23916,-374.5136187
23928,48.5915493
23940,99.29577465
23952,291.5492958
23964,190.1408451
23976,382.3943662
23988,230.2816901
24000,346.4788732
24012,272.5352113
24024,283.0985915
24036,221.8309859
24048,293.6619718
24060,133.0985915
24072,126.7605634
24084,76.05633803
24096,217.6056338
24108,80.28169014
24120,215.4929577
24132,166.9014085
24144,272.5352113
24156,213.3802817
24168,179.5774648
24180,177.4647887
24192,306.3380282
24204,325.3521127
24216,340.1408451
24228,139.4366197
24240,240.8450704
24252,152.1126761
24264,306.3380282
24276,166.9014085
24288,145.7746479
24300,124.6478873
24312,371.8309859
24324,272.5352113
24336,458.4507042
24348,270.4225352
24360,378.1690141
24372,240.8450704
24384,407.7464789
24396,268.3098592
24408,386.6197183
24420,323.2394366
24432,338.028169
24444,240.8450704
24456,365.4929577
24468,285.2112676
24480,390.8450704
24492,259.8591549
24504,302.1126761
24516,274.6478873
24528,338.028169
24540,272.5352113
24552,310.5633803
24564,158.4507042
24576,164.7887324
24588,48.5915493
24600,126.7605634
24612,133.0985915
24624,200.7042254
24636,141.5492958
24648,247.1830986
24660,196.4788732
24672,300
24684,143.6619718
24696,304.2253521
24708,289.4366197
24720,403.5211268
24732,283.0985915
24744,416.1971831
24756,266.1971831
24768,359.1549296
24780,289.4366197
24792,357.0422535
24804,207.0422535
24816,120.4225352
24828,103.5211268
24840,154.2253521
24852,192.2535211
24864,223.943662
24876,78.16901408
24888,40.14084507
24900,185.915493
24912,399.2957746
24924,386.6197183
24936,574.6478873
24948,401.4084507
24960,578.8732394
24972,454.2253521
24984,553.5211268
24996,376.056338
25008,424.6478873
25020,291.5492958
25032,321.1267606
25044,192.2535211
25056,221.8309859
25068,126.7605634
25080,259.8591549
25092,219.7183099
25104,308.4507042
25116,217.6056338
25128,274.6478873
25140,268.3098592
25152,272.5352113
25164,278.8732394
25176,249.2957746
25188,166.9014085
25200,204.9295775
25212,333.8028169
25224,369.7183099
25236,295.7746479
25248,228.1690141
25260,173.2394366
25272,230.2816901
25284,213.3802817
25296,382.3943662
25308,424.6478873
25320,589.4366197
25332,433.0985915
25344,308.4507042
25356,268.3098592
25368,354.9295775
25380,378.1690141
25392,542.9577465
25404,462.6760563
25416,352.8169014
25428,300
25440,321.1267606
25452,274.6478873
25464,411.971831
25476,447.8873239
25488,610.5633803
25500,551.4084507
25512,426.7605634
25524,354.9295775
25536,378.1690141
25548,433.0985915
25560,496.4788732
25572,428.8732394
25584,426.7605634
25596,458.4507042
25608,576.7605634
25620,511.2676056
25632,526.056338
25644,526.056338
25656,570.4225352
25668,553.5211268
25680,566.1971831
25692,466.9014085
25704,580.9859155
25716,589.4366197
25728,688.7323944
25740,648.5915493
25752,661.2676056
25764,640.1408451
25776,566.1971831
25788,509.1549296
25800,500.7042254
25812,462.6760563
25824,397.1830986
25836,359.1549296
25848,411.971831
25860,437.3239437
25872,568.3098592
25884,376.056338
25896,302.1126761
25908,310.5633803
25920,401.4084507
25932,333.8028169
25944,373.943662
25956,357.0422535
25968,424.6478873
25980,357.0422535
25992,293.6619718
26004,266.1971831
26016,289.4366197
26028,327.4647887
26040,441.5492958
26052,409.8591549
26064,418.3098592
26076,251.4084507
26088,242.9577465
26100,293.6619718
26112,289.4366197
26124,283.0985915
26136,466.9014085
26148,566.1971831
26160,638.028169
26172,633.8028169
26184,621.1267606
26196,411.971831
26208,384.5070423
26220,540.8450704
26232,676.056338
26244,667.6056338
26256,657.0422535
26268,631.6901408
26280,667.6056338
26292,648.5915493
26304,523.943662
26316,534.5070423
26328,450
26340,361.2676056
26352,319.0140845
26364,420.4225352
26376,547.1830986
26388,469.0140845
26400,462.6760563
26412,418.3098592
26424,439.4366197
26436,426.7605634
26448,485.915493
26460,316.9014085
26472,245.0704225
26484,283.0985915
26496,276.7605634
26508,293.6619718
26520,433.0985915
26532,479.5774648
26544,439.4366197
26556,331.6901408
26568,321.1267606
26580,363.3802817
26592,462.6760563
26604,338.028169
26616,357.0422535
26628,287.3239437
26640,331.6901408
26652,411.971831
26664,439.4366197
26676,312.6760563
26688,338.028169
26700,460.5633803
26712,631.6901408
26724,549.2957746
26736,604.2253521
26748,547.1830986
26760,663.3802817
26772,564.084507
26784,726.7605634
26796,600
26808,602.1126761
26820,471.1267606
26832,420.4225352
26844,420.4225352
26856,464.7887324
26868,469.0140845
26880,483.8028169
26892,498.5915493
26904,464.7887324
26916,367.6056338
26928,407.7464789
26940,452.1126761
26952,559.8591549
26964,526.056338
26976,614.7887324
26988,475.3521127
27000,420.4225352
27012,297.8873239
27024,308.4507042
27036,280.9859155
27048,293.6619718
27060,338.028169
27072,371.8309859
27084,238.7323944
27096,335.915493
27108,359.1549296
27120,504.9295775
27132,430.9859155
27144,515.4929577
27156,477.4647887
27168,621.1267606
27180,496.4788732
27192,589.4366197
27204,475.3521127
27216,352.8169014
27228,367.6056338
27240,359.1549296
27252,251.4084507
27264,392.9577465
27276,483.8028169
27288,564.084507
27300,481.6901408
27312,614.7887324
27324,483.8028169
27336,481.6901408
27348,407.7464789
27360,542.9577465
27372,388.7323944
27384,289.4366197
27396,236.6197183
27408,255.6338028
27420,354.9295775
27432,464.7887324
27444,382.3943662
27456,511.2676056
27468,392.9577465
27480,545.0704225
27492,452.1126761
27504,365.4929577
27516,443.6619718
27528,532.3943662
27540,380.2816901
27552,314.7887324
27564,249.2957746
27576,287.3239437
27588,274.6478873
27600,388.7323944
27612,300
27624,454.2253521
27636,466.9014085
27648,616.9014085
27660,473.2394366
27672,600
27684,532.3943662
27696,614.7887324
27708,390.8450704
27720,382.3943662
27732,454.2253521
27744,526.056338
27756,418.3098592
27768,540.8450704
27780,430.9859155
27792,616.9014085
27804,439.4366197
27816,595.7746479
27828,462.6760563
27840,498.5915493
27852,502.8169014
27864,557.7464789
27876,439.4366197
27888,587.3239437
27900,357.0422535
27912,321.1267606
27924,310.5633803
27936,496.4788732
27948,382.3943662
27960,304.2253521
27972,173.2394366
27984,312.6760563
27996,234.5070423
28008,414.084507
28020,405.6338028
28032,443.6619718
28044,335.915493
28056,433.0985915
28068,304.2253521
28080,338.028169
28092,335.915493
28104,509.1549296
28116,335.915493
28128,443.6619718
28140,251.4084507
28152,310.5633803
28164,192.2535211
28176,395.0704225
28188,428.8732394
28200,452.1126761
28212,407.7464789
28224,502.8169014
28236,405.6338028
28248,521.8309859
28260,405.6338028
28272,536.6197183
28284,399.2957746
28296,545.0704225
28308,255.6338028
28320,559.8591549
28332,340.1408451
28344,570.4225352
28356,340.1408451
28368,540.8450704
28380,310.5633803
28392,485.915493
28404,384.5070423
28416,545.0704225
28428,502.8169014
28440,583.0985915
28452,422.5352113
28464,532.3943662
28476,409.8591549
28488,602.1126761
28500,430.9859155
28512,452.1126761
28524,291.5492958
28536,357.0422535
28548,312.6760563
28560,496.4788732
28572,207.0422535
28584,306.3380282
28596,14.78873239
28608,160.5633803
28620,152.1126761
28632,340.1408451
28644,84.50704225
28656,188.028169
28668,42.25352113
28680,215.4929577
28692,6.338028169
28704,257.7464789
28716,27.46478873
28728,204.9295775
28740,-257.7821012
28752,185.915493
28764,-277.2373541
28776,228.1690141
28788,376.056338
28800,492.2535211
28812,325.3521127
28824,460.5633803
28836,160.5633803
28848,352.8169014
28860,76.05633803
28872,280.9859155
28884,242.9577465
28896,403.5211268
28908,264.084507
28920,342.2535211
28932,135.2112676
28944,325.3521127
28956,103.5211268
28968,268.3098592
28980,101.4084507
28992,255.6338028
29004,0
29016,280.9859155
29028,-97.27626459
29040,270.4225352
29052,19.01408451
29064,325.3521127
29076,223.943662
29088,380.2816901
29100,40.14084507
29112,312.6760563
29124,92.95774648
29136,329.5774648
29148,409.8591549
29160,369.7183099
29172,238.7323944
29184,382.3943662
29196,297.8873239
29208,340.1408451
29220,209.1549296
29232,342.2535211
29244,158.4507042
29256,280.9859155
29268,169.0140845
29280,230.2816901
29292,164.7887324
29304,323.2394366
29316,245.0704225
29328,361.2676056
29340,152.1126761
29352,280.9859155
29364,-102.1400778
29376,164.7887324
29388,-306.4202335
29400,111.971831
29412,-272.3735409
29424,105.6338028
29436,188.028169
29448,426.7605634
29460,321.1267606
29472,456.3380282
29484,198.5915493
29496,367.6056338
29508,319.0140845
29520,456.3380282
29532,270.4225352
29544,395.0704225
29556,95.07042254
29568,300
29580,111.971831
29592,304.2253521
29604,40.14084507
29616,192.2535211
29628,-214.0077821
29640,124.6478873
29652,-359.922179
29664,8.450704225
29676,-564.2023346
29688,-43.77431907
29700,-617.7042802
29712,-116.7315175
29724,-87.54863813
29736,185.915493
29748,52.81690141
29760,188.028169
29772,-141.0505837
29784,105.6338028
29796,-442.6070039
29808,61.26760563
29820,-559.3385214
29832,12.67605634
29844,-282.1011673
29856,141.5492958
29868,-34.04669261
29880,116.1971831
29892,-102.1400778
29904,143.6619718
29916,-321.0116732
29928,40.14084507
29940,-257.7821012
29952,90.84507042
29964,-413.4241245
29976,78.16901408
29988,-393.9688716
30000,59.15492958
30012,40.14084507
30024,219.7183099
30036,130.9859155
30048,270.4225352
30060,150
30072,323.2394366
30084,278.8732394
30096,291.5492958
30108,90.84507042
30120,264.084507
30132,156.3380282
30144,272.5352113
30156,48.5915493
30168,147.8873239
30180,185.915493
30192,194.3661972
30204,31.69014085
30216,73.94366197
30228,-102.1400778
30240,42.25352113
30252,-296.692607
30264,50.70422535
30276,-252.9182879
30288,76.05633803
30300,-199.4163424
30312,35.91549296
30324,-301.5564202
30336,78.16901408
30348,-9.727626459
30360,128.8732394
30372,-4.86381323
30384,122.5352113
30396,10.56338028
30408,122.5352113
30420,-165.3696498
30432,73.94366197
30444,-184.8249027
30456,143.6619718
30468,-252.9182879
30480,25.35211268
30492,-666.3424125
30504,-262.6459144
30516,-885.2140078
30528,-403.6964981
30540,-909.5330739
30552,-457.1984436
30564,-622.5680934
30576,27.46478873
30588,-77.82101167
30600,126.7605634
30612,33.8028169
30624,166.9014085
30636,19.01408451
30648,139.4366197
30660,40.14084507
30672,57.04225352
30684,-68.09338521
30696,145.7746479
30708,-34.04669261
30720,128.8732394
30732,8.450704225
30744,54.92957746
30756,-97.27626459
30768,-29.18287938
30780,-63.22957198
30792,147.8873239
30804,-19.45525292
30816,135.2112676
30828,21.12676056
30840,116.1971831
30852,-24.31906615
30864,50.70422535
30876,-14.59143969
30888,128.8732394
30900,29.57746479
30912,198.5915493
30924,-58.36575875
30936,122.5352113
30948,-335.6031128
30960,42.25352113
30972,-432.8793774
30984,19.01408451
30996,-155.6420233
31008,88.73239437
31020,-19.45525292
31032,46.47887324
31044,-204.2801556
31056,-223.7354086
31068,-612.8404669
31080,-24.31906615
31092,-408.5603113
31104,6.338028169
31116,12.67605634
31128,126.7605634
31140,-209.1439689
31152,101.4084507
31164,-209.1439689
31176,21.12676056
31188,-442.6070039
31200,44.36619718
31212,-471.7898833
31224,-38.91050584
31236,-403.6964981
31248,-97.27626459
31260,-48.6381323
31272,122.5352113
31284,-175.0972763
31296,48.5915493
31308,-68.09338521
31320,84.50704225
31332,-63.22957198
31344,156.3380282
31356,-286.9649805
31368,21.12676056
31380,-724.7081712
31392,-432.8793774
31404,-1167.315175
31416,-199.4163424
31428,-520.4280156
31440,48.5915493
31452,-340.4669261
31464,38.02816901
31476,-282.1011673
31488,101.4084507
31500,-301.5564202
31512,-34.04669261
31524,-569.0661479
31536,-189.688716
31548,-685.7976654
31560,-277.2373541
31572,-1147.859922
31584,-437.7431907
31596,-1026.264591
31608,-282.1011673
31620,-841.4396887
31632,-481.5175097
31644,-1133.268482
31656,-617.7042802
31668,-1250
31680,-661.4785992
31692,-1138.132296
31704,-466.92607
31716,-646.8871595
31728,-136.1867704
31740,-136.1867704
31752,-4.86381323
31764,-131.3229572
31776,-107.0038911
31788,-306.4202335
31800,10.56338028
31812,-272.3735409
31824,-53.50194553
31836,-364.7859922
31848,8.450704225
31860,-145.9143969
31872,-107.0038911
31884,-423.151751
31896,-165.3696498
31908,-277.2373541
31920,-14.59143969
31932,-233.463035
31944,31.69014085
31956,-184.8249027
31968,90.84507042
31980,-165.3696498
31992,71.83098592
32004,-111.8677043
32016,33.8028169
32028,-107.0038911
32040,103.5211268
32052,59.15492958
32064,152.1126761
32076,57.04225352
32088,219.7183099
32100,166.9014085
32112,183.8028169
32124,118.3098592
32136,289.4366197
32148,150
32160,251.4084507
32172,-34.04669261
32184,179.5774648
32196,-14.59143969
32208,23.23943662
32220,-136.1867704
32232,126.7605634
32244,19.01408451
32256,198.5915493
32268,95.07042254
32280,228.1690141
32292,23.23943662
32304,211.2676056
32316,10.56338028
32328,27.46478873
32340,-389.1050584
32352,12.67605634
32364,-141.0505837
32376,171.1267606
32388,29.57746479
32400,230.2816901
32412,31.69014085
32424,128.8732394
32436,-116.7315175
32448,109.8591549
32460,-340.4669261
32472,130.9859155
32484,-535.0194553
32496,0
32508,-705.2529183
32520,-301.5564202
32532,-393.9688716
32544,99.29577465
32556,-63.22957198
32568,181.6901408
32580,-77.82101167
32592,101.4084507
32604,-321.0116732
32616,86.61971831
32628,-350.1945525
32640,80.28169014
32652,-136.1867704
32664,103.5211268
32676,-374.5136187
32688,48.5915493
32700,99.29577465
32712,291.5492958
32724,190.1408451
32736,382.3943662
32748,230.2816901
32760,346.4788732
32772,272.5352113
32784,283.0985915
32796,221.8309859
32808,293.6619718
32820,133.0985915
32832,126.7605634
32844,76.05633803
32856,217.6056338
32868,80.28169014
32880,215.4929577
32892,166.9014085
32904,272.5352113
32916,213.3802817
32928,179.5774648
32940,177.4647887
32952,306.3380282
32964,325.3521127
32976,340.1408451
32988,139.4366197
33000,240.8450704
33012,152.1126761
33024,306.3380282
33036,166.9014085
33048,145.7746479
33060,124.6478873
33072,371.8309859
33084,272.5352113
33096,458.4507042
33108,270.4225352
33120,378.1690141
33132,240.8450704
33144,407.7464789
33156,268.3098592
33168,386.6197183
33180,323.2394366
33192,338.028169
33204,240.8450704
33216,365.4929577
33228,285.2112676
33240,390.8450704
33252,259.8591549
33264,302.1126761
33276,274.6478873
33288,338.028169
33300,272.5352113
33312,310.5633803
33324,158.4507042
33336,164.7887324
33348,48.5915493
33360,126.7605634
33372,133.0985915
33384,200.7042254
33396,141.5492958
33408,247.1830986
33420,196.4788732
33432,300
33444,143.6619718
33456,304.2253521
33468,289.4366197
33480,403.5211268
33492,283.0985915
33504,416.1971831
33516,266.1971831
33528,359.1549296
33540,289.4366197
33552,357.0422535
33564,207.0422535
33576,120.4225352
33588,103.5211268
33600,154.2253521
33612,192.2535211
33624,223.943662
33636,78.16901408
33648,40.14084507
33660,185.915493
33672,399.2957746
33684,386.6197183
33696,574.6478873
33708,401.4084507
33720,578.8732394
33732,454.2253521
33744,553.5211268
33756,376.056338
33768,424.6478873
33780,291.5492958
33792,321.1267606
33804,192.2535211
33816,221.8309859
33828,126.7605634
33840,259.8591549
33852,219.7183099
33864,308.4507042
33876,217.6056338
33888,274.6478873
33900,268.3098592
33912,272.5352113
33924,278.8732394
33936,249.2957746
33948,166.9014085
33960,204.9295775
33972,333.8028169
33984,369.7183099
33996,295.7746479
34008,228.1690141
34020,173.2394366
34032,230.2816901
34044,213.3802817
34056,382.3943662
34068,424.6478873
34080,589.4366197
34092,433.0985915
34104,308.4507042
34116,268.3098592
34128,354.9295775
34140,378.1690141
34152,542.9577465
34164,462.6760563
34176,352.8169014
34188,300
34200,321.1267606
34212,274.6478873
34224,411.971831
34236,447.8873239
34248,610.5633803
34260,551.4084507
34272,426.7605634
34284,354.9295775
34296,378.1690141
34308,433.0985915
34320,496.4788732
34332,428.8732394
34344,426.7605634
34356,458.4507042
34368,576.7605634
34380,511.2676056
34392,526.056338
34404,526.056338
34416,570.4225352
34428,553.5211268
34440,566.1971831
34452,466.9014085
34464,580.9859155
34476,589.4366197
34488,688.7323944
34500,648.5915493
34512,661.2676056
34524,640.1408451
34536,566.1971831
34548,509.1549296
34560,500.7042254
34572,462.6760563
34584,397.1830986
34596,359.1549296
34608,411.971831
34620,437.3239437
34632,568.3098592
34644,376.056338
34656,302.1126761
34668,310.5633803
34680,401.4084507
34692,333.8028169
34704,373.943662
34716,357.0422535
34728,424.6478873
34740,357.0422535
34752,293.6619718
34764,266.1971831
34776,289.4366197
34788,327.4647887
34800,441.5492958
34812,409.8591549
34824,418.3098592
34836,251.4084507
34848,242.9577465
34860,293.6619718
34872,289.4366197
34884,283.0985915
34896,466.9014085
34908,566.1971831
34920,638.028169
34932,633.8028169
34944,621.1267606
34956,411.971831
34968,384.5070423
34980,540.8450704
34992,676.056338
35004,667.6056338
35016,657.0422535
35028,631.6901408
35040,667.6056338
35052,648.5915493
35064,523.943662
35076,534.5070423
35088,450
35100,361.2676056
35112,319.0140845
35124,420.4225352
35136,547.1830986
35148,469.0140845
35160,462.6760563
35172,418.3098592
35184,439.4366197
35196,426.7605634
35208,485.915493
35220,316.9014085
35232,245.0704225
35244,283.0985915
35256,276.7605634
35268,293.6619718
35280,433.0985915
35292,479.5774648
35304,439.4366197
35316,331.6901408
35328,321.1267606
35340,363.3802817
35352,462.6760563
35364,338.028169
35376,357.0422535
35388,287.3239437
35400,331.6901408
35412,411.971831
35424,439.4366197
35436,312.6760563
35448,338.028169
35460,460.5633803
35472,631.6901408
35484,549.2957746
35496,604.2253521
35508,547.1830986
35520,663.3802817
35532,564.084507
35544,726.7605634
35556,600
35568,602.1126761
35580,471.1267606
35592,420.4225352
35604,420.4225352
35616,464.7887324
35628,469.0140845
35640,483.8028169
35652,498.5915493
35664,464.7887324
35676,367.6056338
35688,407.7464789
35700,452.1126761
35712,559.8591549
35724,526.056338
35736,614.7887324
35748,475.3521127
35760,420.4225352
35772,297.8873239
35784,308.4507042
35796,280.9859155
35808,293.6619718
35820,338.028169
35832,371.8309859
35844,238.7323944
35856,335.915493
35868,359.1549296
35880,504.9295775
35892,430.9859155
35904,515.4929577
35916,477.4647887
35928,621.1267606
35940,496.4788732
35952,589.4366197
35964,475.3521127
35976,352.8169014
35988,367.6056338
36000,359.1549296
36012,251.4084507
36024,392.9577465
36036,483.8028169
36048,564.084507
36060,481.6901408
36072,614.7887324
36084,483.8028169
36096,481.6901408
36108,407.7464789
36120,542.9577465
36132,388.7323944
36144,289.4366197
36156,236.6197183
36168,255.6338028
36180,354.9295775
36192,464.7887324
36204,382.3943662
36216,511.2676056
36228,392.9577465
36240,545.0704225
36252,452.1126761
36264,365.4929577
36276,443.6619718
36288,532.3943662
36300,380.2816901
36312,314.7887324
36324,249.2957746
36336,287.3239437
36348,274.6478873
36360,388.7323944
36372,300
36384,454.2253521
36396,466.9014085
36408,616.9014085
36420,473.2394366
36432,600
36444,532.3943662
36456,614.7887324
36468,390.8450704
36480,382.3943662
36492,454.2253521
36504,526.056338
36516,418.3098592
36528,540.8450704
36540,430.9859155
36552,616.9014085
36564,439.4366197
36576,595.7746479
36588,462.6760563
36600,498.5915493
36612,502.8169014
36624,557.7464789
36636,439.4366197
36648,587.3239437
36660,357.0422535
36672,321.1267606
36684,310.5633803
36696,496.4788732
36708,382.3943662
36720,304.2253521
36732,173.2394366
36744,312.6760563
36756,234.5070423
36768,414.084507
36780,405.6338028
36792,443.6619718
36804,335.915493
36816,433.0985915
36828,304.2253521
36840,338.028169
36852,335.915493
36864,509.1549296
36876,335.915493
36888,443.6619718
36900,251.4084507
36912,310.5633803
36924,192.2535211
36936,395.0704225
36948,428.8732394
36960,452.1126761
36972,407.7464789
36984,502.8169014
36996,405.6338028
37008,521.8309859
37020,405.6338028
37032,536.6197183
37044,399.2957746
37056,545.0704225
37068,255.6338028
37080,559.8591549
37092,340.1408451
37104,570.4225352
37116,340.1408451
37128,540.8450704
37140,310.5633803
37152,485.915493
37164,384.5070423
37176,545.0704225
37188,502.8169014
37200,583.0985915
37212,422.5352113
37224,532.3943662
37236,409.8591549
37248,602.1126761
37260,430.9859155
37272,452.1126761
37284,291.5492958
37296,357.0422535
37308,312.6760563
37320,496.4788732
37332,207.0422535
37344,306.3380282
37356,14.78873239
37368,160.5633803
37380,152.1126761
37392,340.1408451
37404,84.50704225
37416,188.028169
37428,42.25352113
37440,215.4929577
37452,6.338028169
37464,257.7464789
37476,27.46478873
37488,204.9295775
37500,-257.7821012
37512,185.915493
37524,-277.2373541
37536,228.1690141
37548,376.056338
37560,492.2535211
37572,325.3521127
37584,460.5633803
37596,160.5633803
37608,352.8169014
37620,76.05633803
37632,280.9859155
37644,242.9577465
37656,403.5211268
37668,264.084507
37680,342.2535211
37692,135.2112676
37704,325.3521127
37716,103.5211268
37728,268.3098592
37740,101.4084507
37752,255.6338028
37764,0
37776,280.9859155
37788,-97.27626459
37800,270.4225352
37812,19.01408451
37824,325.3521127
37836,223.943662
37848,380.2816901
37860,40.14084507
37872,312.6760563
37884,92.95774648
37896,329.5774648
37908,409.8591549
37920,369.7183099
37932,238.7323944
37944,382.3943662
37956,297.8873239
37968,340.1408451
37980,209.1549296
37992,342.2535211
38004,158.4507042
38016,280.9859155
38028,169.0140845
38040,230.2816901
38052,164.7887324
38064,323.2394366
38076,245.0704225
38088,361.2676056
38100,152.1126761
38112,280.9859155
38124,-102.1400778
38136,164.7887324
38148,-306.4202335
38160,111.971831
38172,-272.3735409
38184,105.6338028
38196,188.028169
38208,426.7605634
38220,321.1267606
38232,456.3380282
38244,198.5915493
38256,367.6056338
38268,319.0140845
38280,456.3380282
38292,270.4225352
38304,395.0704225
38316,95.07042254
38328,300
38340,111.971831
38352,304.2253521
38364,40.14084507
38376,192.2535211
38388,-214.0077821
38400,124.6478873
38412,-359.922179
38424,8.450704225
38436,-564.2023346
38448,-43.77431907
38460,-617.7042802
38472,-116.7315175
38484,-87.54863813
38496,185.915493
38508,52.81690141
38520,188.028169
38532,-141.0505837
38544,105.6338028
38556,-442.6070039
38568,61.26760563
38580,-559.3385214
38592,12.67605634
38604,-282.1011673
38616,141.5492958
38628,-34.04669261
38640,116.1971831
38652,-102.1400778
38664,143.6619718
38676,-321.0116732
38688,40.14084507
38700,-257.7821012
38712,90.84507042
38724,-413.4241245
38736,78.16901408
38748,-393.9688716
38760,59.15492958
38772,40.14084507
38784,219.7183099
38796,130.9859155
38808,270.4225352
38820,150
38832,323.2394366
38844,278.8732394
38856,291.5492958
38868,90.84507042
38880,264.084507
38892,156.3380282
38904,272.5352113
38916,48.5915493
38928,147.8873239
38940,185.915493
38952,194.3661972
38964,31.69014085
38976,73.94366197
38988,-102.1400778
39000,42.25352113
39012,-296.692607
39024,50.70422535
39036,-252.9182879
39048,76.05633803
39060,-199.4163424
39072,35.91549296
39084,-301.5564202
39096,78.16901408
39108,-9.727626459
39120,128.8732394
39132,-4.86381323
39144,122.5352113
39156,10.56338028
39168,122.5352113
39180,-165.3696498
39192,73.94366197
39204,-184.8249027
39216,143.6619718
39228,-252.9182879
39240,25.35211268
39252,-666.3424125
39264,-262.6459144
39276,-885.2140078
39288,-403.6964981
39300,-909.5330739
39312,-457.1984436
39324,-622.5680934
39336,27.46478873
39348,-77.82101167
39360,126.7605634
39372,33.8028169
39384,166.9014085
39396,19.01408451
39408,139.4366197
39420,40.14084507
39432,57.04225352
39444,-68.09338521
39456,145.7746479
39468,-34.04669261
39480,128.8732394
39492,8.450704225
39504,54.92957746
39516,-97.27626459
39528,-29.18287938
39540,-63.22957198
39552,147.8873239
39564,-19.45525292
39576,135.2112676
39588,21.12676056
39600,116.1971831
39612,-24.31906615
39624,50.70422535
39636,-14.59143969
39648,128.8732394
39660,29.57746479
39672,198.5915493
39684,-58.36575875
39696,122.5352113
39708,-335.6031128
39720,42.25352113
39732,-432.8793774
39744,19.01408451
39756,-155.6420233
39768,88.73239437
39780,-19.45525292
39792,46.47887324
39804,-204.2801556
39816,-223.7354086
39828,-612.8404669
39840,-24.31906615
39852,-408.5603113
39864,6.338028169
39876,12.67605634
39888,126.7605634
39900,-209.1439689
39912,101.4084507
39924,-209.1439689
39936,21.12676056
39948,-442.6070039
39960,44.36619718
39972,-471.7898833
39984,-38.91050584
39996,-403.6964981
40008,-97.27626459
40020,-48.6381323
40032,122.5352113
40044,-175.0972763
40056,48.5915493
40068,-68.09338521
40080,84.50704225
40092,-63.22957198
40104,156.3380282
40116,-286.9649805
40128,21.12676056
40140,-724.7081712
40152,-432.8793774
40164,-1167.315175
40176,-199.4163424
40188,-520.4280156
40200,48.5915493
40212,-340.4669261
40224,38.02816901
40236,-282.1011673
40248,101.4084507
40260,-301.5564202
40272,-34.04669261
40284,-569.0661479
40296,-189.688716
40308,-685.7976654
40320,-277.2373541
40332,-1147.859922
40344,-437.7431907
40356,-1026.264591
40368,-282.1011673
40380,-841.4396887
40392,-481.5175097
40404,-1133.268482
40416,-617.7042802
40428,-1250
40440,-661.4785992
40452,-1138.132296
40464,-466.92607
40476,-646.8871595
40488,-136.1867704
40500,-136.1867704
40512,-4.86381323
40524,-131.3229572
40536,-107.0038911
40548,-306.4202335
40560,10.56338028
40572,-272.3735409
40584,-53.50194553
40596,-364.7859922
40608,8.450704225
40620,-145.9143969
40632,-107.0038911
40644,-423.151751
40656,-165.3696498
40668,-277.2373541
40680,-14.59143969
40692,-233.463035
40704,31.69014085
40716,-184.8249027
40728,90.84507042
40740,-165.3696498
40752,71.83098592
40764,-111.8677043
40776,33.8028169
40788,-107.0038911
40800,103.5211268
40812,59.15492958
40824,152.1126761
40836,57.04225352
40848,219.7183099
40860,166.9014085
40872,183.8028169
40884,118.3098592
40896,289.4366197
40908,150
40920,251.4084507
40932,-34.04669261
40944,179.5774648
40956,-14.59143969
40968,23.23943662
40980,-136.1867704
40992,126.7605634
41004,19.01408451
41016,198.5915493
41028,95.07042254
41040,228.1690141
41052,23.23943662
41064,211.2676056
41076,10.56338028
41088,27.46478873
41100,-389.1050584
41112,12.67605634
41124,-141.0505837
41136,171.1267606
41148,29.57746479
41160,230.2816901
41172,31.69014085
41184,128.8732394
41196,-116.7315175
41208,109.8591549
41220,-340.4669261
41232,130.9859155
41244,-535.0194553
41256,0
41268,-705.2529183
41280,-301.5564202
41292,-393.9688716
41304,99.29577465
41316,-63.22957198
41328,181.6901408
41340,-77.82101167
41352,101.4084507
41364,-321.0116732
41376,86.61971831
41388,-350.1945525
41400,80.28169014
41412,-136.1867704
41424,103.5211268
41436,-374.5136187
41448,48.5915493
41460,99.29577465
41472,291.5492958
41484,190.1408451
41496,382.3943662
41508,230.2816901
41520,346.4788732
41532,272.5352113
41544,283.0985915
41556,221.8309859
41568,293.6619718
41580,133.0985915
41592,126.7605634
41604,76.05633803
41616,217.6056338
41628,80.28169014
41640,215.4929577
41652,166.9014085
41664,272.5352113
41676,213.3802817
41688,179.5774648
41700,177.4647887
41712,306.3380282
41724,325.3521127
41736,340.1408451
41748,139.4366197
41760,240.8450704
41772,152.1126761
41784,306.3380282
41796,166.9014085
41808,145.7746479
41820,124.6478873
41832,371.8309859
41844,272.5352113
41856,458.4507042
41868,270.4225352
41880,378.1690141
41892,240.8450704
41904,407.7464789
41916,268.3098592
41928,386.6197183
41940,323.2394366
41952,338.028169
41964,240.8450704
41976,365.4929577
41988,285.2112676
42000,390.8450704
42012,259.8591549
42024,302.1126761
42036,274.6478873
42048,338.028169
42060,272.5352113
42072,310.5633803
42084,158.4507042
42096,164.7887324
42108,48.5915493
42120,126.7605634
42132,133.0985915
42144,200.7042254
42156,141.5492958
42168,247.1830986
42180,196.4788732
42192,300
42204,143.6619718
42216,304.2253521
42228,289.4366197
42240,403.5211268
42252,283.0985915
42264,416.1971831
42276,266.1971831
42288,359.1549296
42300,289.4366197
42312,357.0422535
42324,207.0422535
42336,120.4225352
42348,103.5211268
42360,154.2253521
42372,192.2535211
42384,223.943662
42396,78.16901408
42408,40.14084507
42420,185.915493
42432,399.2957746
42444,386.6197183
42456,574.6478873
42468,401.4084507
42480,578.8732394
42492,454.2253521
42504,553.5211268
42516,376.056338
42528,424.6478873
42540,291.5492958
42552,321.1267606
42564,192.2535211
42576,221.8309859
42588,126.7605634
42600,259.8591549
42612,219.7183099
42624,308.4507042
42636,217.6056338
42648,274.6478873
42660,268.3098592
42672,272.5352113
42684,278.8732394
42696,249.2957746
42708,166.9014085
42720,204.9295775
42732,333.8028169
42744,369.7183099
42756,295.7746479
42768,228.1690141
42780,173.2394366
42792,230.2816901
42804,213.3802817
42816,382.3943662
42828,424.6478873
42840,589.4366197
42852,433.0985915
42864,308.4507042
42876,268.3098592
42888,354.9295775
42900,378.1690141
42912,542.9577465
42924,462.6760563
42936,352.8169014
42948,300
42960,321.1267606
42972,274.6478873
42984,411.971831
42996,447.8873239
43008,610.5633803
43020,551.4084507
43032,426.7605634
43044,354.9295775
43056,378.1690141
43068,433.0985915
43080,496.4788732
43092,428.8732394
43104,426.7605634
43116,458.4507042
43128,576.7605634
43140,511.2676056
43152,526.056338
43164,526.056338
43176,570.4225352
43188,553.5211268
43200,566.1971831
43212,466.9014085
43224,580.9859155
43236,589.4366197
43248,688.7323944
43260,648.5915493
43272,661.2676056
43284,640.1408451
43296,566.1971831
43308,509.1549296
43320,500.7042254
43332,462.6760563
43344,397.1830986
43356,359.1549296
43368,411.971831
43380,437.3239437
43392,568.3098592
43404,376.056338
43416,302.1126761
43428,310.5633803
43440,401.4084507
43452,333.8028169
43464,373.943662
43476,357.0422535
43488,424.6478873
43500,357.0422535
43512,293.6619718
43524,266.1971831
43536,289.4366197
43548,327.4647887
43560,441.5492958
43572,409.8591549
43584,418.3098592
43596,251.4084507
43608,242.9577465
43620,293.6619718
43632,289.4366197
43644,283.0985915
43656,466.9014085
43668,566.1971831
43680,638.028169
43692,633.8028169
43704,621.1267606
43716,411.971831
43728,384.5070423
43740,540.8450704
43752,676.056338
43764,667.6056338
43776,657.0422535
43788,631.6901408
43800,667.6056338
